{
  "project_info": {
    "project_number": "98005130398",
    "firebase_url": "https://fir-db-25b55.firebaseio.com",
    "project_id": "fir-db-25b55",
    "storage_bucket": "fir-db-25b55.appspot.com"
  },
  "client": [
    {
      "client_info": {
        "mobilesdk_app_id": "1:98005130398:android:6c28d28b0391f87f3bef8f",
        "android_client_info": {
          "package_name": "com.darshan.firebasedb"
        }
      },
      "oauth_client": [
        {
          "client_id": "98005130398-93k9ci2ekft6qa0c87fulch2sr6e0aqn.apps.googleusercontent.com",
          "client_type": 1,
          "android_info": {
            "package_name": "com.darshan.firebasedb",
            "certificate_hash": "a0a1d4bdb40aab41fb6dfab746e80baf64321937"
          }
        },
        {
          "client_id": "98005130398-etgn5jon49rpu986pckhfjerng64a0fu.apps.googleusercontent.com",
          "client_type": 3
        }
      ],
      "api_key": [
        {
          "current_key": "AIzaSyCAr-7elWWLzFgF_XpLx61YQQ5paJMMAVU"
        }
      ],
      "services": {
        "appinvite_service": {
          "other_platform_oauth_client": [
            {
              "client_id": "98005130398-etgn5jon49rpu986pckhfjerng64a0fu.apps.googleusercontent.com",
              "client_type": 3
            }
          ]
        }
      }
    }
  ],
  "configuration_version": "1"
}