{
  "project_info": {
    "project_number": "701006439358",
    "firebase_url": "https://loginapp-f2768.firebaseio.com",
    "project_id": "loginapp-f2768",
    "storage_bucket": "loginapp-f2768.appspot.com"
  },
  "client": [
    {
      "client_info": {
        "mobilesdk_app_id": "1:701006439358:android:0f97dc0707b09c8c75cfef",
        "android_client_info": {
          "package_name": "com.darshan.loginfirebase"
        }
      },
      "oauth_client": [
        {
          "client_id": "701006439358-68fjomfs0n9qrrm08a21g0vojnvpajs5.apps.googleusercontent.com",
          "client_type": 1,
          "android_info": {
            "package_name": "com.darshan.loginfirebase",
            "certificate_hash": "a0a1d4bdb40aab41fb6dfab746e80baf64321937"
          }
        },
        {
          "client_id": "701006439358-pe3frairt2edspdjr0kodoalubls9627.apps.googleusercontent.com",
          "client_type": 3
        }
      ],
      "api_key": [
        {
          "current_key": "AIzaSyCcHzYmjG7gq_tzRdb5KuPHdKDyMymQzYo"
        }
      ],
      "services": {
        "appinvite_service": {
          "other_platform_oauth_client": [
            {
              "client_id": "701006439358-pe3frairt2edspdjr0kodoalubls9627.apps.googleusercontent.com",
              "client_type": 3
            }
          ]
        }
      }
    }
  ],
  "configuration_version": "1"
}